year,growth
2011,24.752455424031872
2012,-5.903077891329757
2013,30.144786644728164
2014,9.542901150986264
2015,-162.49951858486563
2016,-5.857943080465561
2017,17.418368044748746
