year,rating_amount
2017,88.08948700253049
2016,78.3356337704164
2015,76.04957441913965
2014,46.48320680929377
2011,46.48320680929377
2013,45.56878306878308
2012,41.45387623648494
