year,rating_amount
2011,54.71014492753624
2012,51.08695652173913
2013,52.89855072463768
2014,49.637681159420296
2015,51.08695652173913
2016,63.04347826086957
2017,100.0
