score,value
0.5,0.029181494661921707
1.0,0.03451957295373666
1.5,0.01494661921708185
2.0,0.045373665480427046
2.5,0.03113879003558719
3.0,0.12704626334519573
3.5,0.07864768683274022
4.0,0.22846975088967972
4.5,0.08807829181494661
5.0,0.3225978647686833
