score,value
0.5,0.015937249710103393
1.0,0.03193183724965244
1.5,0.015902868635753204
2.0,0.06668530116091266
2.5,0.04949015101148112
3.0,0.19875266615501094
3.5,0.12267333106913177
4.0,0.2664506593381881
4.5,0.0855222016688588
5.0,0.14665373400090762
